{
  "project_info": {
    "project_number": "218196856679",
    "firebase_url": "https://monitoringkebungoolive-default-rtdb.firebaseio.com",
    "project_id": "monitoringkebungoolive",
    "storage_bucket": "monitoringkebungoolive.appspot.com"
  },
  "client": [
    {
      "client_info": {
        "mobilesdk_app_id": "1:218196856679:android:8ee3c25de69808d43269c2",
        "android_client_info": {
          "package_name": "com.example.bacadata"
        }
      },
      "oauth_client": [
        {
          "client_id": "218196856679-lijsq8pb2t95jqfk8ktscqrvj2rv56uf.apps.googleusercontent.com",
          "client_type": 3
        }
      ],
      "api_key": [
        {
          "current_key": "AIzaSyB3PiFbFdtPqRj8ge18mkYUK4HUfVd8wyo"
        }
      ],
      "services": {
        "appinvite_service": {
          "other_platform_oauth_client": [
            {
              "client_id": "218196856679-lijsq8pb2t95jqfk8ktscqrvj2rv56uf.apps.googleusercontent.com",
              "client_type": 3
            }
          ]
        }
      }
    },
    {
      "client_info": {
        "mobilesdk_app_id": "1:218196856679:android:6bf23871ba2af4ad3269c2",
        "android_client_info": {
          "package_name": "com.example.inputqr"
        }
      },
      "oauth_client": [
        {
          "client_id": "218196856679-lijsq8pb2t95jqfk8ktscqrvj2rv56uf.apps.googleusercontent.com",
          "client_type": 3
        }
      ],
      "api_key": [
        {
          "current_key": "AIzaSyB3PiFbFdtPqRj8ge18mkYUK4HUfVd8wyo"
        }
      ],
      "services": {
        "appinvite_service": {
          "other_platform_oauth_client": [
            {
              "client_id": "218196856679-lijsq8pb2t95jqfk8ktscqrvj2rv56uf.apps.googleusercontent.com",
              "client_type": 3
            }
          ]
        }
      }
    }
  ],
  "configuration_version": "1"
}